constructorId,constructorName,position,cumulative_points,round,season
ferrari,FERRARI,1.0,37.0,1,2017
mercedes,MERCEDES,2.0,33.0,1,2017
red_bull,RED BULL,3.0,10.0,1,2017
williams,WILLIAMS,4.0,8.0,1,2017
force_india,ASTON MARTIN,5.0,7.0,1,2017
toro_rosso,RB,6.0,6.0,1,2017
renault,ALPINE,7.0,0.0,1,2017
sauber,SAUBER,8.0,0.0,1,2017
mclaren,MCLAREN,9.0,0.0,1,2017
haas,HAAS,,0.0,1,2017
mercedes,MERCEDES,1.0,66.0,2,2017
ferrari,FERRARI,2.0,65.0,2,2017
red_bull,RED BULL,3.0,37.0,2,2017
toro_rosso,RB,4.0,12.0,2,2017
force_india,ASTON MARTIN,5.0,10.0,2,2017
williams,WILLIAMS,6.0,8.0,2,2017
haas,HAAS,7.0,4.0,2,2017
renault,ALPINE,8.0,0.0,2,2017
sauber,SAUBER,9.0,0.0,2,2017
mclaren,MCLAREN,10.0,0.0,2,2017
ferrari,FERRARI,1.0,102.0,3,2017
mercedes,MERCEDES,2.0,99.0,3,2017
red_bull,RED BULL,3.0,47.0,3,2017
force_india,ASTON MARTIN,4.0,17.0,3,2017
williams,WILLIAMS,5.0,16.0,3,2017
toro_rosso,RB,6.0,12.0,3,2017
haas,HAAS,7.0,8.0,3,2017
renault,ALPINE,8.0,2.0,3,2017
sauber,SAUBER,9.0,0.0,3,2017
mclaren,MCLAREN,10.0,0.0,3,2017
mercedes,MERCEDES,1.0,136.0,4,2017
ferrari,FERRARI,2.0,135.0,4,2017
red_bull,RED BULL,3.0,57.0,4,2017
force_india,ASTON MARTIN,4.0,31.0,4,2017
williams,WILLIAMS,5.0,18.0,4,2017
toro_rosso,RB,6.0,13.0,4,2017
haas,HAAS,7.0,8.0,4,2017
renault,ALPINE,8.0,6.0,4,2017
sauber,SAUBER,9.0,0.0,4,2017
mclaren,MCLAREN,10.0,0.0,4,2017
mercedes,MERCEDES,1.0,161.0,5,2017
ferrari,FERRARI,2.0,153.0,5,2017
red_bull,RED BULL,3.0,72.0,5,2017
force_india,ASTON MARTIN,4.0,53.0,5,2017
toro_rosso,RB,5.0,21.0,5,2017
williams,WILLIAMS,6.0,18.0,5,2017
renault,ALPINE,7.0,14.0,5,2017
haas,HAAS,8.0,9.0,5,2017
sauber,SAUBER,9.0,4.0,5,2017
mclaren,MCLAREN,10.0,0.0,5,2017
ferrari,FERRARI,1.0,196.0,6,2017
mercedes,MERCEDES,2.0,179.0,6,2017
red_bull,RED BULL,3.0,97.0,6,2017
force_india,ASTON MARTIN,4.0,53.0,6,2017
toro_rosso,RB,5.0,29.0,6,2017
williams,WILLIAMS,6.0,20.0,6,2017
renault,ALPINE,7.0,14.0,6,2017
haas,HAAS,8.0,14.0,6,2017
sauber,SAUBER,9.0,4.0,6,2017
mclaren,MCLAREN,10.0,0.0,6,2017
mercedes,MERCEDES,1.0,222.0,7,2017
ferrari,FERRARI,2.0,214.0,7,2017
red_bull,RED BULL,3.0,112.0,7,2017
force_india,ASTON MARTIN,4.0,71.0,7,2017
toro_rosso,RB,5.0,29.0,7,2017
williams,WILLIAMS,6.0,22.0,7,2017
renault,ALPINE,7.0,18.0,7,2017
haas,HAAS,8.0,15.0,7,2017
sauber,SAUBER,9.0,4.0,7,2017
mclaren,MCLAREN,10.0,0.0,7,2017
mercedes,MERCEDES,1.0,250.0,8,2017
ferrari,FERRARI,2.0,226.0,8,2017
red_bull,RED BULL,3.0,137.0,8,2017
force_india,ASTON MARTIN,4.0,79.0,8,2017
williams,WILLIAMS,5.0,37.0,8,2017
toro_rosso,RB,6.0,33.0,8,2017
haas,HAAS,7.0,21.0,8,2017
renault,ALPINE,8.0,18.0,8,2017
sauber,SAUBER,9.0,5.0,8,2017
mclaren,MCLAREN,10.0,2.0,8,2017
mercedes,MERCEDES,1.0,287.0,9,2017
ferrari,FERRARI,2.0,254.0,9,2017
red_bull,RED BULL,3.0,152.0,9,2017
force_india,ASTON MARTIN,4.0,89.0,9,2017
williams,WILLIAMS,5.0,40.0,9,2017
toro_rosso,RB,6.0,33.0,9,2017
haas,HAAS,7.0,29.0,9,2017
renault,ALPINE,8.0,18.0,9,2017
sauber,SAUBER,9.0,5.0,9,2017
mclaren,MCLAREN,10.0,2.0,9,2017
mercedes,MERCEDES,1.0,330.0,10,2017
ferrari,FERRARI,2.0,275.0,10,2017
red_bull,RED BULL,3.0,174.0,10,2017
force_india,ASTON MARTIN,4.0,95.0,10,2017
williams,WILLIAMS,5.0,41.0,10,2017
toro_rosso,RB,6.0,33.0,10,2017
haas,HAAS,7.0,29.0,10,2017
renault,ALPINE,8.0,26.0,10,2017
sauber,SAUBER,9.0,5.0,10,2017
mclaren,MCLAREN,10.0,2.0,10,2017
mercedes,MERCEDES,1.0,357.0,11,2017
ferrari,FERRARI,2.0,318.0,11,2017
red_bull,RED BULL,3.0,184.0,11,2017
force_india,ASTON MARTIN,4.0,101.0,11,2017
williams,WILLIAMS,5.0,41.0,11,2017
toro_rosso,RB,6.0,39.0,11,2017
haas,HAAS,7.0,29.0,11,2017
renault,ALPINE,8.0,26.0,11,2017
mclaren,MCLAREN,9.0,11.0,11,2017
sauber,SAUBER,10.0,5.0,11,2017
mercedes,MERCEDES,1.0,392.0,12,2017
ferrari,FERRARI,2.0,348.0,12,2017
red_bull,RED BULL,3.0,199.0,12,2017
force_india,ASTON MARTIN,4.0,103.0,12,2017
williams,WILLIAMS,5.0,45.0,12,2017
toro_rosso,RB,6.0,40.0,12,2017
haas,HAAS,7.0,35.0,12,2017
renault,ALPINE,8.0,34.0,12,2017
mclaren,MCLAREN,9.0,11.0,12,2017
sauber,SAUBER,10.0,5.0,12,2017
mercedes,MERCEDES,1.0,435.0,13,2017
ferrari,FERRARI,2.0,373.0,13,2017
red_bull,RED BULL,3.0,212.0,13,2017
force_india,ASTON MARTIN,4.0,113.0,13,2017
williams,WILLIAMS,5.0,55.0,13,2017
toro_rosso,RB,6.0,40.0,13,2017
haas,HAAS,7.0,35.0,13,2017
renault,ALPINE,8.0,34.0,13,2017
mclaren,MCLAREN,9.0,11.0,13,2017
sauber,SAUBER,10.0,5.0,13,2017
mercedes,MERCEDES,1.0,475.0,14,2017
ferrari,FERRARI,2.0,373.0,14,2017
red_bull,RED BULL,3.0,230.0,14,2017
force_india,ASTON MARTIN,4.0,124.0,14,2017
williams,WILLIAMS,5.0,59.0,14,2017
toro_rosso,RB,6.0,52.0,14,2017
renault,ALPINE,7.0,42.0,14,2017
haas,HAAS,8.0,37.0,14,2017
mclaren,MCLAREN,9.0,17.0,14,2017
sauber,SAUBER,10.0,5.0,14,2017
mercedes,MERCEDES,1.0,503.0,15,2017
ferrari,FERRARI,2.0,385.0,15,2017
red_bull,RED BULL,3.0,270.0,15,2017
force_india,ASTON MARTIN,4.0,133.0,15,2017
williams,WILLIAMS,5.0,65.0,15,2017
toro_rosso,RB,6.0,52.0,15,2017
renault,ALPINE,7.0,42.0,15,2017
haas,HAAS,8.0,37.0,15,2017
mclaren,MCLAREN,9.0,23.0,15,2017
sauber,SAUBER,10.0,5.0,15,2017
mercedes,MERCEDES,1.0,540.0,16,2017
ferrari,FERRARI,2.0,395.0,16,2017
red_bull,RED BULL,3.0,303.0,16,2017
force_india,ASTON MARTIN,4.0,147.0,16,2017
williams,WILLIAMS,5.0,66.0,16,2017
toro_rosso,RB,6.0,52.0,16,2017
haas,HAAS,7.0,43.0,16,2017
renault,ALPINE,8.0,42.0,16,2017
mclaren,MCLAREN,9.0,23.0,16,2017
sauber,SAUBER,10.0,5.0,16,2017
mercedes,MERCEDES,1.0,575.0,17,2017
ferrari,FERRARI,2.0,428.0,17,2017
red_bull,RED BULL,3.0,315.0,17,2017
force_india,ASTON MARTIN,4.0,159.0,17,2017
williams,WILLIAMS,5.0,68.0,17,2017
toro_rosso,RB,6.0,53.0,17,2017
renault,ALPINE,7.0,48.0,17,2017
haas,HAAS,8.0,43.0,17,2017
mclaren,MCLAREN,9.0,23.0,17,2017
sauber,SAUBER,10.0,5.0,17,2017
mercedes,MERCEDES,1.0,595.0,18,2017
ferrari,FERRARI,2.0,455.0,18,2017
red_bull,RED BULL,3.0,340.0,18,2017
force_india,ASTON MARTIN,4.0,175.0,18,2017
williams,WILLIAMS,5.0,76.0,18,2017
toro_rosso,RB,6.0,53.0,18,2017
renault,ALPINE,7.0,48.0,18,2017
haas,HAAS,8.0,47.0,18,2017
mclaren,MCLAREN,9.0,24.0,18,2017
sauber,SAUBER,10.0,5.0,18,2017
mercedes,MERCEDES,1.0,625.0,19,2017
ferrari,FERRARI,2.0,495.0,19,2017
red_bull,RED BULL,3.0,358.0,19,2017
force_india,ASTON MARTIN,4.0,177.0,19,2017
williams,WILLIAMS,5.0,82.0,19,2017
toro_rosso,RB,6.0,53.0,19,2017
renault,ALPINE,7.0,49.0,19,2017
haas,HAAS,8.0,47.0,19,2017
mclaren,MCLAREN,9.0,28.0,19,2017
sauber,SAUBER,10.0,5.0,19,2017
mercedes,MERCEDES,1.0,668.0,20,2017
ferrari,FERRARI,2.0,522.0,20,2017
red_bull,RED BULL,3.0,368.0,20,2017
force_india,ASTON MARTIN,4.0,187.0,20,2017
williams,WILLIAMS,5.0,83.0,20,2017
renault,ALPINE,6.0,57.0,20,2017
toro_rosso,RB,7.0,53.0,20,2017
haas,HAAS,8.0,47.0,20,2017
mclaren,MCLAREN,9.0,30.0,20,2017
sauber,SAUBER,10.0,5.0,20,2017
ferrari,FERRARI,1.0,40.0,1,2018
mercedes,MERCEDES,2.0,22.0,1,2018
red_bull,RED BULL,3.0,20.0,1,2018
mclaren,MCLAREN,4.0,12.0,1,2018
renault,ALPINE,5.0,7.0,1,2018
force_india,ASTON MARTIN,6.0,0.0,1,2018
sauber,SAUBER,7.0,0.0,1,2018
williams,WILLIAMS,8.0,0.0,1,2018
toro_rosso,RB,9.0,0.0,1,2018
haas,HAAS,,0.0,1,2018
ferrari,FERRARI,1.0,65.0,2,2018
mercedes,MERCEDES,2.0,55.0,2,2018
mclaren,MCLAREN,3.0,22.0,2,2018
red_bull,RED BULL,4.0,20.0,2,2018
renault,ALPINE,5.0,15.0,2,2018
toro_rosso,RB,6.0,12.0,2,2018
haas,HAAS,7.0,10.0,2,2018
sauber,SAUBER,8.0,2.0,2,2018
force_india,ASTON MARTIN,9.0,1.0,2,2018
williams,WILLIAMS,10.0,0.0,2,2018
mercedes,MERCEDES,1.0,85.0,3,2018
ferrari,FERRARI,2.0,84.0,3,2018
red_bull,RED BULL,3.0,55.0,3,2018
mclaren,MCLAREN,4.0,28.0,3,2018
renault,ALPINE,5.0,25.0,3,2018
toro_rosso,RB,6.0,12.0,3,2018
haas,HAAS,7.0,11.0,3,2018
sauber,SAUBER,8.0,2.0,3,2018
force_india,ASTON MARTIN,9.0,1.0,3,2018
williams,WILLIAMS,10.0,0.0,3,2018
ferrari,FERRARI,1.0,114.0,4,2018
mercedes,MERCEDES,2.0,110.0,4,2018
red_bull,RED BULL,3.0,55.0,4,2018
mclaren,MCLAREN,4.0,36.0,4,2018
renault,ALPINE,5.0,35.0,4,2018
force_india,ASTON MARTIN,6.0,16.0,4,2018
toro_rosso,RB,7.0,13.0,4,2018
haas,HAAS,8.0,11.0,4,2018
sauber,SAUBER,9.0,10.0,4,2018
williams,WILLIAMS,10.0,4.0,4,2018
mercedes,MERCEDES,1.0,153.0,5,2018
ferrari,FERRARI,2.0,126.0,5,2018
red_bull,RED BULL,3.0,80.0,5,2018
renault,ALPINE,4.0,41.0,5,2018
mclaren,MCLAREN,5.0,40.0,5,2018
haas,HAAS,6.0,19.0,5,2018
force_india,ASTON MARTIN,7.0,18.0,5,2018
toro_rosso,RB,8.0,13.0,5,2018
sauber,SAUBER,9.0,11.0,5,2018
williams,WILLIAMS,10.0,4.0,5,2018
mercedes,MERCEDES,1.0,178.0,6,2018
ferrari,FERRARI,2.0,156.0,6,2018
red_bull,RED BULL,3.0,107.0,6,2018
renault,ALPINE,4.0,46.0,6,2018
mclaren,MCLAREN,5.0,40.0,6,2018
force_india,ASTON MARTIN,6.0,26.0,6,2018
toro_rosso,RB,7.0,19.0,6,2018
haas,HAAS,8.0,19.0,6,2018
sauber,SAUBER,9.0,11.0,6,2018
williams,WILLIAMS,10.0,4.0,6,2018
mercedes,MERCEDES,1.0,206.0,7,2018
ferrari,FERRARI,2.0,189.0,7,2018
red_bull,RED BULL,3.0,134.0,7,2018
renault,ALPINE,4.0,56.0,7,2018
mclaren,MCLAREN,5.0,40.0,7,2018
force_india,ASTON MARTIN,6.0,28.0,7,2018
toro_rosso,RB,7.0,19.0,7,2018
haas,HAAS,8.0,19.0,7,2018
sauber,SAUBER,9.0,12.0,7,2018
williams,WILLIAMS,10.0,4.0,7,2018
mercedes,MERCEDES,1.0,237.0,8,2018
ferrari,FERRARI,2.0,214.0,8,2018
red_bull,RED BULL,3.0,164.0,8,2018
renault,ALPINE,4.0,62.0,8,2018
mclaren,MCLAREN,5.0,40.0,8,2018
force_india,ASTON MARTIN,6.0,28.0,8,2018
haas,HAAS,7.0,27.0,8,2018
toro_rosso,RB,8.0,19.0,8,2018
sauber,SAUBER,9.0,13.0,8,2018
williams,WILLIAMS,10.0,4.0,8,2018
ferrari,FERRARI,1.0,247.0,9,2018
mercedes,MERCEDES,2.0,237.0,9,2018
red_bull,RED BULL,3.0,189.0,9,2018
renault,ALPINE,4.0,62.0,9,2018
haas,HAAS,5.0,49.0,9,2018
mclaren,MCLAREN,6.0,44.0,9,2018
force_india,ASTON MARTIN,7.0,42.0,9,2018
toro_rosso,RB,8.0,19.0,9,2018
sauber,SAUBER,9.0,16.0,9,2018
williams,WILLIAMS,10.0,4.0,9,2018
ferrari,FERRARI,1.0,287.0,10,2018
mercedes,MERCEDES,2.0,267.0,10,2018
red_bull,RED BULL,3.0,199.0,10,2018
renault,ALPINE,4.0,70.0,10,2018
haas,HAAS,5.0,51.0,10,2018
force_india,ASTON MARTIN,6.0,49.0,10,2018
mclaren,MCLAREN,7.0,48.0,10,2018
toro_rosso,RB,8.0,19.0,10,2018
sauber,SAUBER,9.0,16.0,10,2018
williams,WILLIAMS,10.0,4.0,10,2018
mercedes,MERCEDES,1.0,310.0,11,2018
ferrari,FERRARI,2.0,302.0,11,2018
red_bull,RED BULL,3.0,211.0,11,2018
renault,ALPINE,4.0,80.0,11,2018
force_india,ASTON MARTIN,5.0,59.0,11,2018
haas,HAAS,6.0,59.0,11,2018
mclaren,MCLAREN,7.0,48.0,11,2018
toro_rosso,RB,8.0,20.0,11,2018
sauber,SAUBER,9.0,18.0,11,2018
williams,WILLIAMS,10.0,4.0,11,2018
mercedes,MERCEDES,1.0,345.0,12,2018
ferrari,FERRARI,2.0,335.0,12,2018
red_bull,RED BULL,3.0,223.0,12,2018
renault,ALPINE,4.0,82.0,12,2018
haas,HAAS,5.0,66.0,12,2018
force_india,ASTON MARTIN,6.0,59.0,12,2018
mclaren,MCLAREN,7.0,52.0,12,2018
toro_rosso,RB,8.0,28.0,12,2018
sauber,SAUBER,9.0,18.0,12,2018
williams,WILLIAMS,10.0,4.0,12,2018
mercedes,MERCEDES,1.0,375.0,13,2018
ferrari,FERRARI,2.0,360.0,13,2018
red_bull,RED BULL,3.0,238.0,13,2018
renault,ALPINE,4.0,82.0,13,2018
force_india,ASTON MARTIN,5.0,77.0,13,2018
haas,HAAS,6.0,76.0,13,2018
mclaren,MCLAREN,7.0,52.0,13,2018
toro_rosso,RB,8.0,30.0,13,2018
sauber,SAUBER,9.0,19.0,13,2018
williams,WILLIAMS,10.0,4.0,13,2018
mercedes,MERCEDES,1.0,415.0,14,2018
ferrari,FERRARI,2.0,390.0,14,2018
red_bull,RED BULL,3.0,248.0,14,2018
force_india,ASTON MARTIN,4.0,91.0,14,2018
renault,ALPINE,5.0,86.0,14,2018
haas,HAAS,6.0,76.0,14,2018
mclaren,MCLAREN,7.0,52.0,14,2018
toro_rosso,RB,8.0,30.0,14,2018
sauber,SAUBER,9.0,19.0,14,2018
williams,WILLIAMS,10.0,7.0,14,2018
mercedes,MERCEDES,1.0,452.0,15,2018
ferrari,FERRARI,2.0,415.0,15,2018
red_bull,RED BULL,3.0,274.0,15,2018
force_india,ASTON MARTIN,4.0,91.0,15,2018
renault,ALPINE,5.0,91.0,15,2018
haas,HAAS,6.0,76.0,15,2018
mclaren,MCLAREN,7.0,58.0,15,2018
toro_rosso,RB,8.0,30.0,15,2018
sauber,SAUBER,9.0,21.0,15,2018
williams,WILLIAMS,10.0,7.0,15,2018
mercedes,MERCEDES,1.0,495.0,16,2018
ferrari,FERRARI,2.0,442.0,16,2018
red_bull,RED BULL,3.0,292.0,16,2018
force_india,ASTON MARTIN,4.0,94.0,16,2018
renault,ALPINE,5.0,91.0,16,2018
haas,HAAS,6.0,80.0,16,2018
mclaren,MCLAREN,7.0,58.0,16,2018
toro_rosso,RB,8.0,30.0,16,2018
sauber,SAUBER,9.0,27.0,16,2018
williams,WILLIAMS,10.0,7.0,16,2018
mercedes,MERCEDES,1.0,538.0,17,2018
ferrari,FERRARI,2.0,460.0,17,2018
red_bull,RED BULL,3.0,319.0,17,2018
force_india,ASTON MARTIN,4.0,102.0,17,2018
renault,ALPINE,5.0,92.0,17,2018
haas,HAAS,6.0,84.0,17,2018
mclaren,MCLAREN,7.0,58.0,17,2018
toro_rosso,RB,8.0,30.0,17,2018
sauber,SAUBER,9.0,27.0,17,2018
williams,WILLIAMS,10.0,7.0,17,2018
mercedes,MERCEDES,1.0,563.0,18,2018
ferrari,FERRARI,2.0,497.0,18,2018
red_bull,RED BULL,3.0,337.0,18,2018
force_india,ASTON MARTIN,4.0,106.0,18,2018
renault,ALPINE,5.0,106.0,18,2018
haas,HAAS,6.0,84.0,18,2018
mclaren,MCLAREN,7.0,58.0,18,2018
toro_rosso,RB,8.0,32.0,18,2018
sauber,SAUBER,9.0,28.0,18,2018
williams,WILLIAMS,10.0,7.0,18,2018
mercedes,MERCEDES,1.0,585.0,19,2018
ferrari,FERRARI,2.0,530.0,19,2018
red_bull,RED BULL,3.0,362.0,19,2018
renault,ALPINE,4.0,114.0,19,2018
force_india,ASTON MARTIN,5.0,106.0,19,2018
haas,HAAS,6.0,84.0,19,2018
mclaren,MCLAREN,7.0,62.0,19,2018
sauber,SAUBER,8.0,36.0,19,2018
toro_rosso,RB,9.0,33.0,19,2018
williams,WILLIAMS,10.0,7.0,19,2018
mercedes,MERCEDES,1.0,620.0,20,2018
ferrari,FERRARI,2.0,553.0,20,2018
red_bull,RED BULL,3.0,392.0,20,2018
renault,ALPINE,4.0,114.0,20,2018
force_india,ASTON MARTIN,5.0,107.0,20,2018
haas,HAAS,6.0,90.0,20,2018
mclaren,MCLAREN,7.0,62.0,20,2018
sauber,SAUBER,8.0,42.0,20,2018
toro_rosso,RB,9.0,33.0,20,2018
williams,WILLIAMS,10.0,7.0,20,2018
mercedes,MERCEDES,1.0,655.0,21,2018
ferrari,FERRARI,2.0,571.0,21,2018
red_bull,RED BULL,3.0,419.0,21,2018
renault,ALPINE,4.0,122.0,21,2018
force_india,ASTON MARTIN,5.0,111.0,21,2018
haas,HAAS,6.0,93.0,21,2018
mclaren,MCLAREN,7.0,62.0,21,2018
sauber,SAUBER,8.0,48.0,21,2018
toro_rosso,RB,9.0,33.0,21,2018
williams,WILLIAMS,10.0,7.0,21,2018
mercedes,MERCEDES,1.0,44.0,1,2019
ferrari,FERRARI,2.0,22.0,1,2019
red_bull,RED BULL,3.0,15.0,1,2019
haas,HAAS,4.0,8.0,1,2019
renault,ALPINE,5.0,6.0,1,2019
alfa,SAUBER,6.0,4.0,1,2019
racing_point,ASTON MARTIN,7.0,2.0,1,2019
toro_rosso,RB,8.0,1.0,1,2019
mclaren,MCLAREN,9.0,0.0,1,2019
williams,WILLIAMS,10.0,0.0,1,2019
mercedes,MERCEDES,1.0,87.0,2,2019
ferrari,FERRARI,2.0,48.0,2,2019
red_bull,RED BULL,3.0,31.0,2,2019
alfa,SAUBER,4.0,10.0,2,2019
mclaren,MCLAREN,5.0,8.0,2,2019
haas,HAAS,6.0,8.0,2,2019
renault,ALPINE,7.0,6.0,2,2019
toro_rosso,RB,8.0,3.0,2,2019
racing_point,ASTON MARTIN,9.0,3.0,2,2019
williams,WILLIAMS,10.0,0.0,2,2019
mercedes,MERCEDES,1.0,130.0,3,2019
ferrari,FERRARI,2.0,73.0,3,2019
red_bull,RED BULL,3.0,52.0,3,2019
renault,ALPINE,4.0,12.0,3,2019
alfa,SAUBER,5.0,12.0,3,2019
haas,HAAS,6.0,8.0,3,2019
mclaren,MCLAREN,7.0,8.0,3,2019
racing_point,ASTON MARTIN,8.0,7.0,3,2019
toro_rosso,RB,9.0,4.0,3,2019
williams,WILLIAMS,10.0,0.0,3,2019
mercedes,MERCEDES,1.0,173.0,4,2019
ferrari,FERRARI,2.0,99.0,4,2019
red_bull,RED BULL,3.0,64.0,4,2019
mclaren,MCLAREN,4.0,18.0,4,2019
racing_point,ASTON MARTIN,5.0,17.0,4,2019
alfa,SAUBER,6.0,13.0,4,2019
renault,ALPINE,7.0,12.0,4,2019
haas,HAAS,8.0,8.0,4,2019
toro_rosso,RB,9.0,4.0,4,2019
williams,WILLIAMS,10.0,0.0,4,2019
mercedes,MERCEDES,1.0,217.0,5,2019
ferrari,FERRARI,2.0,121.0,5,2019
red_bull,RED BULL,3.0,87.0,5,2019
mclaren,MCLAREN,4.0,22.0,5,2019
racing_point,ASTON MARTIN,5.0,17.0,5,2019
haas,HAAS,6.0,15.0,5,2019
alfa,SAUBER,7.0,13.0,5,2019
renault,ALPINE,8.0,12.0,5,2019
toro_rosso,RB,9.0,6.0,5,2019
williams,WILLIAMS,10.0,0.0,5,2019
mercedes,MERCEDES,1.0,257.0,6,2019
ferrari,FERRARI,2.0,139.0,6,2019
red_bull,RED BULL,3.0,110.0,6,2019
mclaren,MCLAREN,4.0,30.0,6,2019
racing_point,ASTON MARTIN,5.0,17.0,6,2019
haas,HAAS,6.0,16.0,6,2019
toro_rosso,RB,7.0,16.0,6,2019
renault,ALPINE,8.0,14.0,6,2019
alfa,SAUBER,9.0,13.0,6,2019
williams,WILLIAMS,10.0,0.0,6,2019
mercedes,MERCEDES,1.0,295.0,7,2019
ferrari,FERRARI,2.0,172.0,7,2019
red_bull,RED BULL,3.0,124.0,7,2019
mclaren,MCLAREN,4.0,30.0,7,2019
renault,ALPINE,5.0,28.0,7,2019
racing_point,ASTON MARTIN,6.0,19.0,7,2019
toro_rosso,RB,7.0,17.0,7,2019
haas,HAAS,8.0,16.0,7,2019
alfa,SAUBER,9.0,13.0,7,2019
williams,WILLIAMS,10.0,0.0,7,2019
mercedes,MERCEDES,1.0,338.0,8,2019
ferrari,FERRARI,2.0,198.0,8,2019
red_bull,RED BULL,3.0,137.0,8,2019
mclaren,MCLAREN,4.0,40.0,8,2019
renault,ALPINE,5.0,32.0,8,2019
racing_point,ASTON MARTIN,6.0,19.0,8,2019
alfa,SAUBER,7.0,19.0,8,2019
toro_rosso,RB,8.0,17.0,8,2019
haas,HAAS,9.0,16.0,8,2019
williams,WILLIAMS,10.0,0.0,8,2019
mercedes,MERCEDES,1.0,363.0,9,2019
ferrari,FERRARI,2.0,228.0,9,2019
red_bull,RED BULL,3.0,169.0,9,2019
mclaren,MCLAREN,4.0,52.0,9,2019
renault,ALPINE,5.0,32.0,9,2019
alfa,SAUBER,6.0,22.0,9,2019
racing_point,ASTON MARTIN,7.0,19.0,9,2019
toro_rosso,RB,8.0,17.0,9,2019
haas,HAAS,9.0,16.0,9,2019
williams,WILLIAMS,10.0,0.0,9,2019
mercedes,MERCEDES,1.0,407.0,10,2019
ferrari,FERRARI,2.0,243.0,10,2019
red_bull,RED BULL,3.0,191.0,10,2019
mclaren,MCLAREN,4.0,60.0,10,2019
renault,ALPINE,5.0,39.0,10,2019
alfa,SAUBER,6.0,26.0,10,2019
racing_point,ASTON MARTIN,7.0,19.0,10,2019
toro_rosso,RB,8.0,19.0,10,2019
haas,HAAS,9.0,16.0,10,2019
williams,WILLIAMS,10.0,0.0,10,2019
mercedes,MERCEDES,1.0,409.0,11,2019
ferrari,FERRARI,2.0,261.0,11,2019
red_bull,RED BULL,3.0,217.0,11,2019
mclaren,MCLAREN,4.0,70.0,11,2019
toro_rosso,RB,5.0,42.0,11,2019
renault,ALPINE,6.0,39.0,11,2019
racing_point,ASTON MARTIN,7.0,31.0,11,2019
haas,HAAS,8.0,26.0,11,2019
alfa,SAUBER,9.0,26.0,11,2019
williams,WILLIAMS,10.0,1.0,11,2019
mercedes,MERCEDES,1.0,438.0,12,2019
ferrari,FERRARI,2.0,288.0,12,2019
red_bull,RED BULL,3.0,244.0,12,2019
mclaren,MCLAREN,4.0,82.0,12,2019
toro_rosso,RB,5.0,43.0,12,2019
renault,ALPINE,6.0,39.0,12,2019
alfa,SAUBER,7.0,32.0,12,2019
racing_point,ASTON MARTIN,8.0,31.0,12,2019
haas,HAAS,9.0,26.0,12,2019
williams,WILLIAMS,10.0,1.0,12,2019
mercedes,MERCEDES,1.0,471.0,13,2019
ferrari,FERRARI,2.0,326.0,13,2019
red_bull,RED BULL,3.0,254.0,13,2019
mclaren,MCLAREN,4.0,82.0,13,2019
toro_rosso,RB,5.0,51.0,13,2019
renault,ALPINE,6.0,43.0,13,2019
racing_point,ASTON MARTIN,7.0,40.0,13,2019
alfa,SAUBER,8.0,32.0,13,2019
haas,HAAS,9.0,26.0,13,2019
williams,WILLIAMS,10.0,1.0,13,2019
mercedes,MERCEDES,1.0,505.0,14,2019
ferrari,FERRARI,2.0,351.0,14,2019
red_bull,RED BULL,3.0,266.0,14,2019
mclaren,MCLAREN,4.0,83.0,14,2019
renault,ALPINE,5.0,65.0,14,2019
toro_rosso,RB,6.0,51.0,14,2019
racing_point,ASTON MARTIN,7.0,46.0,14,2019
alfa,SAUBER,8.0,34.0,14,2019
haas,HAAS,9.0,26.0,14,2019
williams,WILLIAMS,10.0,1.0,14,2019
mercedes,MERCEDES,1.0,527.0,15,2019
ferrari,FERRARI,2.0,394.0,15,2019
red_bull,RED BULL,3.0,289.0,15,2019
mclaren,MCLAREN,4.0,89.0,15,2019
renault,ALPINE,5.0,67.0,15,2019
toro_rosso,RB,6.0,55.0,15,2019
racing_point,ASTON MARTIN,7.0,46.0,15,2019
alfa,SAUBER,8.0,35.0,15,2019
haas,HAAS,9.0,26.0,15,2019
williams,WILLIAMS,10.0,1.0,15,2019
mercedes,MERCEDES,1.0,571.0,16,2019
ferrari,FERRARI,2.0,409.0,16,2019
red_bull,RED BULL,3.0,311.0,16,2019
mclaren,MCLAREN,4.0,101.0,16,2019
renault,ALPINE,5.0,68.0,16,2019
toro_rosso,RB,6.0,55.0,16,2019
racing_point,ASTON MARTIN,7.0,52.0,16,2019
alfa,SAUBER,8.0,35.0,16,2019
haas,HAAS,9.0,28.0,16,2019
williams,WILLIAMS,10.0,1.0,16,2019
mercedes,MERCEDES,1.0,612.0,17,2019
ferrari,FERRARI,2.0,435.0,17,2019
red_bull,RED BULL,3.0,323.0,17,2019
mclaren,MCLAREN,4.0,111.0,17,2019
renault,ALPINE,5.0,68.0,17,2019
toro_rosso,RB,6.0,62.0,17,2019
racing_point,ASTON MARTIN,7.0,58.0,17,2019
alfa,SAUBER,8.0,35.0,17,2019
haas,HAAS,9.0,28.0,17,2019
williams,WILLIAMS,10.0,1.0,17,2019
mercedes,MERCEDES,1.0,652.0,18,2019
ferrari,FERRARI,2.0,466.0,18,2019
red_bull,RED BULL,3.0,341.0,18,2019
mclaren,MCLAREN,4.0,111.0,18,2019
renault,ALPINE,5.0,73.0,18,2019
toro_rosso,RB,6.0,64.0,18,2019
racing_point,ASTON MARTIN,7.0,64.0,18,2019
alfa,SAUBER,8.0,35.0,18,2019
haas,HAAS,9.0,28.0,18,2019
williams,WILLIAMS,10.0,1.0,18,2019
mercedes,MERCEDES,1.0,695.0,19,2019
ferrari,FERRARI,2.0,479.0,19,2019
red_bull,RED BULL,3.0,366.0,19,2019
mclaren,MCLAREN,4.0,121.0,19,2019
renault,ALPINE,5.0,83.0,19,2019
racing_point,ASTON MARTIN,6.0,65.0,19,2019
toro_rosso,RB,7.0,64.0,19,2019
alfa,SAUBER,8.0,35.0,19,2019
haas,HAAS,9.0,28.0,19,2019
williams,WILLIAMS,10.0,1.0,19,2019
mercedes,MERCEDES,1.0,701.0,20,2019
ferrari,FERRARI,2.0,479.0,20,2019
red_bull,RED BULL,3.0,391.0,20,2019
mclaren,MCLAREN,4.0,140.0,20,2019
renault,ALPINE,5.0,91.0,20,2019
toro_rosso,RB,6.0,83.0,20,2019
racing_point,ASTON MARTIN,7.0,67.0,20,2019
alfa,SAUBER,8.0,57.0,20,2019
haas,HAAS,9.0,28.0,20,2019
williams,WILLIAMS,10.0,1.0,20,2019
mercedes,MERCEDES,1.0,739.0,21,2019
ferrari,FERRARI,2.0,504.0,21,2019
red_bull,RED BULL,3.0,417.0,21,2019
mclaren,MCLAREN,4.0,145.0,21,2019
renault,ALPINE,5.0,91.0,21,2019
toro_rosso,RB,6.0,85.0,21,2019
racing_point,ASTON MARTIN,7.0,73.0,21,2019
alfa,SAUBER,8.0,57.0,21,2019
haas,HAAS,9.0,28.0,21,2019
williams,WILLIAMS,10.0,1.0,21,2019
mercedes,MERCEDES,1.0,37.0,1,2020
mclaren,MCLAREN,2.0,26.0,1,2020
ferrari,FERRARI,3.0,19.0,1,2020
alphatauri,RB,4.0,6.0,1,2020
renault,ALPINE,5.0,4.0,1,2020
alfa,SAUBER,6.0,2.0,1,2020
racing_point,ASTON MARTIN,7.0,0.0,1,2020
williams,WILLIAMS,8.0,0.0,1,2020
red_bull,RED BULL,9.0,0.0,1,2020
haas,HAAS,,0.0,1,2020
mercedes,MERCEDES,1.0,80.0,2,2020
mclaren,MCLAREN,2.0,39.0,2,2020
red_bull,RED BULL,3.0,27.0,2,2020
ferrari,FERRARI,4.0,19.0,2,2020
renault,ALPINE,5.0,8.0,2,2020
racing_point,ASTON MARTIN,6.0,7.0,2,2020
alphatauri,RB,7.0,7.0,2,2020
alfa,SAUBER,8.0,2.0,2,2020
williams,WILLIAMS,9.0,0.0,2,2020
haas,HAAS,10.0,0.0,2,2020
mercedes,MERCEDES,1.0,121.0,3,2020
red_bull,RED BULL,2.0,55.0,3,2020
mclaren,MCLAREN,3.0,41.0,3,2020
ferrari,FERRARI,4.0,27.0,3,2020
racing_point,ASTON MARTIN,5.0,25.0,3,2020
renault,ALPINE,6.0,12.0,3,2020
alphatauri,RB,7.0,7.0,3,2020
alfa,SAUBER,8.0,2.0,3,2020
haas,HAAS,9.0,1.0,3,2020
williams,WILLIAMS,10.0,0.0,3,2020
mercedes,MERCEDES,1.0,146.0,4,2020
red_bull,RED BULL,2.0,78.0,4,2020
mclaren,MCLAREN,3.0,51.0,4,2020
ferrari,FERRARI,4.0,43.0,4,2020
renault,ALPINE,5.0,32.0,4,2020
racing_point,ASTON MARTIN,6.0,27.0,4,2020
alphatauri,RB,7.0,13.0,4,2020
alfa,SAUBER,8.0,2.0,4,2020
haas,HAAS,9.0,1.0,4,2020
williams,WILLIAMS,10.0,0.0,4,2020
mercedes,MERCEDES,1.0,180.0,5,2020
red_bull,RED BULL,2.0,113.0,5,2020
ferrari,FERRARI,3.0,55.0,5,2020
mclaren,MCLAREN,4.0,53.0,5,2020
racing_point,ASTON MARTIN,5.0,41.0,5,2020
renault,ALPINE,6.0,36.0,5,2020
alphatauri,RB,7.0,14.0,5,2020
alfa,SAUBER,8.0,2.0,5,2020
haas,HAAS,9.0,1.0,5,2020
williams,WILLIAMS,10.0,0.0,5,2020
mercedes,MERCEDES,1.0,221.0,6,2020
red_bull,RED BULL,2.0,135.0,6,2020
racing_point,ASTON MARTIN,3.0,63.0,6,2020
mclaren,MCLAREN,4.0,62.0,6,2020
ferrari,FERRARI,5.0,61.0,6,2020
renault,ALPINE,6.0,36.0,6,2020
alphatauri,RB,7.0,16.0,6,2020
alfa,SAUBER,8.0,2.0,6,2020
haas,HAAS,9.0,1.0,6,2020
williams,WILLIAMS,10.0,0.0,6,2020
mercedes,MERCEDES,1.0,264.0,7,2020
red_bull,RED BULL,2.0,158.0,7,2020
mclaren,MCLAREN,3.0,68.0,7,2020
racing_point,ASTON MARTIN,4.0,66.0,7,2020
ferrari,FERRARI,5.0,61.0,7,2020
renault,ALPINE,6.0,59.0,7,2020
alphatauri,RB,7.0,20.0,7,2020
alfa,SAUBER,8.0,2.0,7,2020
haas,HAAS,9.0,1.0,7,2020
williams,WILLIAMS,10.0,0.0,7,2020
mercedes,MERCEDES,1.0,281.0,8,2020
red_bull,RED BULL,2.0,158.0,8,2020
mclaren,MCLAREN,3.0,98.0,8,2020
racing_point,ASTON MARTIN,4.0,82.0,8,2020
renault,ALPINE,5.0,71.0,8,2020
ferrari,FERRARI,6.0,61.0,8,2020
alphatauri,RB,7.0,47.0,8,2020
alfa,SAUBER,8.0,2.0,8,2020
haas,HAAS,9.0,1.0,8,2020
williams,WILLIAMS,10.0,0.0,8,2020
mercedes,MERCEDES,1.0,325.0,9,2020
red_bull,RED BULL,2.0,173.0,9,2020
mclaren,MCLAREN,3.0,106.0,9,2020
racing_point,ASTON MARTIN,4.0,92.0,9,2020
renault,ALPINE,5.0,83.0,9,2020
ferrari,FERRARI,6.0,66.0,9,2020
alphatauri,RB,7.0,53.0,9,2020
alfa,SAUBER,8.0,4.0,9,2020
haas,HAAS,9.0,1.0,9,2020
williams,WILLIAMS,10.0,0.0,9,2020
mercedes,MERCEDES,1.0,366.0,10,2020
red_bull,RED BULL,2.0,192.0,10,2020
mclaren,MCLAREN,3.0,106.0,10,2020
racing_point,ASTON MARTIN,4.0,104.0,10,2020
renault,ALPINE,5.0,99.0,10,2020
ferrari,FERRARI,6.0,74.0,10,2020
alphatauri,RB,7.0,59.0,10,2020
alfa,SAUBER,8.0,4.0,10,2020
haas,HAAS,9.0,1.0,10,2020
williams,WILLIAMS,10.0,0.0,10,2020
mercedes,MERCEDES,1.0,391.0,11,2020
red_bull,RED BULL,2.0,211.0,11,2020
racing_point,ASTON MARTIN,3.0,120.0,11,2020
mclaren,MCLAREN,4.0,116.0,11,2020
renault,ALPINE,5.0,114.0,11,2020
ferrari,FERRARI,6.0,80.0,11,2020
alphatauri,RB,7.0,67.0,11,2020
alfa,SAUBER,8.0,5.0,11,2020
haas,HAAS,9.0,3.0,11,2020
williams,WILLIAMS,10.0,0.0,11,2020
mercedes,MERCEDES,1.0,435.0,12,2020
red_bull,RED BULL,2.0,226.0,12,2020
racing_point,ASTON MARTIN,3.0,126.0,12,2020
mclaren,MCLAREN,4.0,124.0,12,2020
renault,ALPINE,5.0,120.0,12,2020
ferrari,FERRARI,6.0,93.0,12,2020
alphatauri,RB,7.0,77.0,12,2020
alfa,SAUBER,8.0,5.0,12,2020
haas,HAAS,9.0,3.0,12,2020
williams,WILLIAMS,10.0,0.0,12,2020
mercedes,MERCEDES,1.0,479.0,13,2020
red_bull,RED BULL,2.0,226.0,13,2020
renault,ALPINE,3.0,135.0,13,2020
mclaren,MCLAREN,4.0,134.0,13,2020
racing_point,ASTON MARTIN,5.0,134.0,13,2020
ferrari,FERRARI,6.0,103.0,13,2020
alphatauri,RB,7.0,89.0,13,2020
alfa,SAUBER,8.0,8.0,13,2020
haas,HAAS,9.0,3.0,13,2020
williams,WILLIAMS,10.0,0.0,13,2020
mercedes,MERCEDES,1.0,504.0,14,2020
red_bull,RED BULL,2.0,240.0,14,2020
racing_point,ASTON MARTIN,3.0,154.0,14,2020
mclaren,MCLAREN,4.0,149.0,14,2020
renault,ALPINE,5.0,136.0,14,2020
ferrari,FERRARI,6.0,130.0,14,2020
alphatauri,RB,7.0,89.0,14,2020
alfa,SAUBER,8.0,8.0,14,2020
haas,HAAS,9.0,3.0,14,2020
williams,WILLIAMS,10.0,0.0,14,2020
mercedes,MERCEDES,1.0,533.0,15,2020
red_bull,RED BULL,2.0,274.0,15,2020
mclaren,MCLAREN,3.0,171.0,15,2020
racing_point,ASTON MARTIN,4.0,154.0,15,2020
renault,ALPINE,5.0,144.0,15,2020
ferrari,FERRARI,6.0,131.0,15,2020
alphatauri,RB,7.0,97.0,15,2020
alfa,SAUBER,8.0,8.0,15,2020
haas,HAAS,9.0,3.0,15,2020
williams,WILLIAMS,10.0,0.0,15,2020
mercedes,MERCEDES,1.0,540.0,16,2020
red_bull,RED BULL,2.0,282.0,16,2020
racing_point,ASTON MARTIN,3.0,194.0,16,2020
mclaren,MCLAREN,4.0,184.0,16,2020
renault,ALPINE,5.0,172.0,16,2020
ferrari,FERRARI,6.0,131.0,16,2020
alphatauri,RB,7.0,103.0,16,2020
alfa,SAUBER,8.0,8.0,16,2020
haas,HAAS,9.0,3.0,16,2020
williams,WILLIAMS,10.0,0.0,16,2020
mercedes,MERCEDES,1.0,573.0,17,2020
red_bull,RED BULL,2.0,319.0,17,2020
mclaren,MCLAREN,3.0,202.0,17,2020
racing_point,ASTON MARTIN,4.0,195.0,17,2020
renault,ALPINE,5.0,181.0,17,2020
ferrari,FERRARI,6.0,131.0,17,2020
alphatauri,RB,7.0,107.0,17,2020
alfa,SAUBER,8.0,8.0,17,2020
haas,HAAS,9.0,3.0,17,2020
williams,WILLIAMS,10.0,0.0,17,2020
mercedes,MERCEDES,1.0,41.0,1,2021
red_bull,RED BULL,2.0,28.0,1,2021
mclaren,MCLAREN,3.0,18.0,1,2021
ferrari,FERRARI,4.0,12.0,1,2021
alphatauri,RB,5.0,2.0,1,2021
aston_martin,ASTON MARTIN,6.0,1.0,1,2021
alfa,SAUBER,7.0,0.0,1,2021
alpine,ALPINE,8.0,0.0,1,2021
williams,WILLIAMS,9.0,0.0,1,2021
haas,HAAS,10.0,0.0,1,2021
mercedes,MERCEDES,1.0,60.0,2,2021
red_bull,RED BULL,2.0,53.0,2,2021
mclaren,MCLAREN,3.0,41.0,2,2021
ferrari,FERRARI,4.0,34.0,2,2021
alphatauri,RB,5.0,8.0,2,2021
aston_martin,ASTON MARTIN,6.0,5.0,2,2021
alpine,ALPINE,7.0,3.0,2,2021
alfa,SAUBER,8.0,0.0,2,2021
williams,WILLIAMS,9.0,0.0,2,2021
haas,HAAS,10.0,0.0,2,2021
mercedes,MERCEDES,1.0,101.0,3,2021
red_bull,RED BULL,2.0,83.0,3,2021
mclaren,MCLAREN,3.0,53.0,3,2021
ferrari,FERRARI,4.0,42.0,3,2021
alpine,ALPINE,5.0,13.0,3,2021
alphatauri,RB,6.0,9.0,3,2021
aston_martin,ASTON MARTIN,7.0,5.0,3,2021
alfa,SAUBER,8.0,0.0,3,2021
williams,WILLIAMS,9.0,0.0,3,2021
haas,HAAS,10.0,0.0,3,2021
mercedes,MERCEDES,1.0,141.0,4,2021
red_bull,RED BULL,2.0,112.0,4,2021
mclaren,MCLAREN,3.0,65.0,4,2021
ferrari,FERRARI,4.0,60.0,4,2021
alpine,ALPINE,5.0,15.0,4,2021
alphatauri,RB,6.0,10.0,4,2021
aston_martin,ASTON MARTIN,7.0,5.0,4,2021
alfa,SAUBER,8.0,0.0,4,2021
williams,WILLIAMS,9.0,0.0,4,2021
haas,HAAS,10.0,0.0,4,2021
red_bull,RED BULL,1.0,149.0,5,2021
mercedes,MERCEDES,2.0,148.0,5,2021
mclaren,MCLAREN,3.0,80.0,5,2021
ferrari,FERRARI,4.0,78.0,5,2021
aston_martin,ASTON MARTIN,5.0,19.0,5,2021
alphatauri,RB,6.0,18.0,5,2021
alpine,ALPINE,7.0,17.0,5,2021
alfa,SAUBER,8.0,1.0,5,2021
williams,WILLIAMS,9.0,0.0,5,2021
haas,HAAS,10.0,0.0,5,2021
red_bull,RED BULL,1.0,174.0,6,2021
mercedes,MERCEDES,2.0,148.0,6,2021
ferrari,FERRARI,3.0,94.0,6,2021
mclaren,MCLAREN,4.0,92.0,6,2021
alphatauri,RB,5.0,39.0,6,2021
aston_martin,ASTON MARTIN,6.0,37.0,6,2021
alpine,ALPINE,7.0,25.0,6,2021
alfa,SAUBER,8.0,2.0,6,2021
haas,HAAS,9.0,0.0,6,2021
williams,WILLIAMS,10.0,0.0,6,2021
red_bull,RED BULL,1.0,215.0,7,2021
mercedes,MERCEDES,2.0,178.0,7,2021
mclaren,MCLAREN,3.0,110.0,7,2021
ferrari,FERRARI,4.0,94.0,7,2021
alphatauri,RB,5.0,45.0,7,2021
aston_martin,ASTON MARTIN,6.0,40.0,7,2021
alpine,ALPINE,7.0,29.0,7,2021
alfa,SAUBER,8.0,2.0,7,2021
williams,WILLIAMS,9.0,0.0,7,2021
haas,HAAS,10.0,0.0,7,2021
red_bull,RED BULL,1.0,252.0,8,2021
mercedes,MERCEDES,2.0,212.0,8,2021
mclaren,MCLAREN,3.0,120.0,8,2021
ferrari,FERRARI,4.0,108.0,8,2021
alphatauri,RB,5.0,46.0,8,2021
aston_martin,ASTON MARTIN,6.0,44.0,8,2021
alpine,ALPINE,7.0,31.0,8,2021
alfa,SAUBER,8.0,2.0,8,2021
williams,WILLIAMS,9.0,0.0,8,2021
haas,HAAS,10.0,0.0,8,2021
red_bull,RED BULL,1.0,286.0,9,2021
mercedes,MERCEDES,2.0,242.0,9,2021
mclaren,MCLAREN,3.0,141.0,9,2021
ferrari,FERRARI,4.0,122.0,9,2021
alphatauri,RB,5.0,48.0,9,2021
aston_martin,ASTON MARTIN,6.0,44.0,9,2021
alpine,ALPINE,7.0,32.0,9,2021
alfa,SAUBER,8.0,2.0,9,2021
williams,WILLIAMS,9.0,0.0,9,2021
haas,HAAS,10.0,0.0,9,2021
red_bull,RED BULL,1.0,289.0,10,2021
mercedes,MERCEDES,2.0,285.0,10,2021
mclaren,MCLAREN,3.0,163.0,10,2021
ferrari,FERRARI,4.0,148.0,10,2021
alphatauri,RB,5.0,49.0,10,2021
aston_martin,ASTON MARTIN,6.0,48.0,10,2021
alpine,ALPINE,7.0,40.0,10,2021
alfa,SAUBER,8.0,2.0,10,2021
williams,WILLIAMS,9.0,0.0,10,2021
haas,HAAS,10.0,0.0,10,2021
mercedes,MERCEDES,1.0,303.0,11,2021
red_bull,RED BULL,2.0,291.0,11,2021
ferrari,FERRARI,3.0,163.0,11,2021
mclaren,MCLAREN,4.0,163.0,11,2021
alpine,ALPINE,5.0,77.0,11,2021
alphatauri,RB,6.0,68.0,11,2021
aston_martin,ASTON MARTIN,7.0,48.0,11,2021
williams,WILLIAMS,8.0,10.0,11,2021
alfa,SAUBER,9.0,3.0,11,2021
haas,HAAS,10.0,0.0,11,2021
mercedes,MERCEDES,1.0,310.5,12,2021
red_bull,RED BULL,2.0,303.5,12,2021
mclaren,MCLAREN,3.0,169.0,12,2021
ferrari,FERRARI,4.0,165.5,12,2021
alpine,ALPINE,5.0,80.0,12,2021
alphatauri,RB,6.0,72.0,12,2021
aston_martin,ASTON MARTIN,7.0,53.0,12,2021
williams,WILLIAMS,8.0,20.0,12,2021
alfa,SAUBER,9.0,3.0,12,2021
haas,HAAS,10.0,0.0,12,2021
mercedes,MERCEDES,1.0,344.5,13,2021
red_bull,RED BULL,2.0,332.5,13,2021
ferrari,FERRARI,3.0,181.5,13,2021
mclaren,MCLAREN,4.0,170.0,13,2021
alpine,ALPINE,5.0,90.0,13,2021
alphatauri,RB,6.0,84.0,13,2021
aston_martin,ASTON MARTIN,7.0,53.0,13,2021
williams,WILLIAMS,8.0,20.0,13,2021
alfa,SAUBER,9.0,3.0,13,2021
haas,HAAS,10.0,0.0,13,2021
mercedes,MERCEDES,1.0,362.5,14,2021
red_bull,RED BULL,2.0,344.5,14,2021
mclaren,MCLAREN,3.0,215.0,14,2021
ferrari,FERRARI,4.0,201.5,14,2021
alpine,ALPINE,5.0,95.0,14,2021
alphatauri,RB,6.0,84.0,14,2021
aston_martin,ASTON MARTIN,7.0,59.0,14,2021
williams,WILLIAMS,8.0,22.0,14,2021
alfa,SAUBER,9.0,3.0,14,2021
haas,HAAS,10.0,0.0,14,2021
mercedes,MERCEDES,1.0,397.5,15,2021
red_bull,RED BULL,2.0,364.5,15,2021
mclaren,MCLAREN,3.0,234.0,15,2021
ferrari,FERRARI,4.0,216.5,15,2021
alpine,ALPINE,5.0,103.0,15,2021
alphatauri,RB,6.0,84.0,15,2021
aston_martin,ASTON MARTIN,7.0,59.0,15,2021
williams,WILLIAMS,8.0,23.0,15,2021
alfa,SAUBER,9.0,7.0,15,2021
haas,HAAS,10.0,0.0,15,2021
mercedes,MERCEDES,1.0,433.5,16,2021
red_bull,RED BULL,2.0,397.5,16,2021
mclaren,MCLAREN,3.0,240.0,16,2021
ferrari,FERRARI,4.0,232.5,16,2021
alpine,ALPINE,5.0,104.0,16,2021
alphatauri,RB,6.0,92.0,16,2021
aston_martin,ASTON MARTIN,7.0,61.0,16,2021
williams,WILLIAMS,8.0,23.0,16,2021
alfa,SAUBER,9.0,7.0,16,2021
haas,HAAS,10.0,0.0,16,2021
mercedes,MERCEDES,1.0,460.5,17,2021
red_bull,RED BULL,2.0,437.5,17,2021
mclaren,MCLAREN,3.0,254.0,17,2021
ferrari,FERRARI,4.0,250.5,17,2021
alpine,ALPINE,5.0,104.0,17,2021
alphatauri,RB,6.0,94.0,17,2021
aston_martin,ASTON MARTIN,7.0,62.0,17,2021
williams,WILLIAMS,8.0,23.0,17,2021
alfa,SAUBER,9.0,7.0,17,2021
haas,HAAS,10.0,0.0,17,2021
mercedes,MERCEDES,1.0,478.5,18,2021
red_bull,RED BULL,2.0,477.5,18,2021
ferrari,FERRARI,3.0,268.5,18,2021
mclaren,MCLAREN,4.0,255.0,18,2021
alpine,ALPINE,5.0,106.0,18,2021
alphatauri,RB,6.0,106.0,18,2021
aston_martin,ASTON MARTIN,7.0,68.0,18,2021
williams,WILLIAMS,8.0,23.0,18,2021
alfa,SAUBER,9.0,11.0,18,2021
haas,HAAS,10.0,0.0,18,2021
mercedes,MERCEDES,1.0,521.5,19,2021
red_bull,RED BULL,2.0,510.5,19,2021
ferrari,FERRARI,3.0,287.5,19,2021
mclaren,MCLAREN,4.0,256.0,19,2021
alpine,ALPINE,5.0,112.0,19,2021
alphatauri,RB,6.0,112.0,19,2021
aston_martin,ASTON MARTIN,7.0,68.0,19,2021
williams,WILLIAMS,8.0,23.0,19,2021
alfa,SAUBER,9.0,11.0,19,2021
haas,HAAS,10.0,0.0,19,2021
mercedes,MERCEDES,1.0,546.5,20,2021
red_bull,RED BULL,2.0,541.5,20,2021
ferrari,FERRARI,3.0,297.5,20,2021
mclaren,MCLAREN,4.0,258.0,20,2021
alpine,ALPINE,5.0,137.0,20,2021
alphatauri,RB,6.0,112.0,20,2021
aston_martin,ASTON MARTIN,7.0,77.0,20,2021
williams,WILLIAMS,8.0,23.0,20,2021
alfa,SAUBER,9.0,11.0,20,2021
haas,HAAS,10.0,0.0,20,2021
mercedes,MERCEDES,1.0,587.5,21,2021
red_bull,RED BULL,2.0,559.5,21,2021
ferrari,FERRARI,3.0,307.5,21,2021
mclaren,MCLAREN,4.0,269.0,21,2021
alpine,ALPINE,5.0,149.0,21,2021
alphatauri,RB,6.0,120.0,21,2021
aston_martin,ASTON MARTIN,7.0,77.0,21,2021
williams,WILLIAMS,8.0,23.0,21,2021
alfa,SAUBER,9.0,13.0,21,2021
haas,HAAS,10.0,0.0,21,2021
mercedes,MERCEDES,1.0,613.5,22,2021
red_bull,RED BULL,2.0,585.5,22,2021
ferrari,FERRARI,3.0,323.5,22,2021
mclaren,MCLAREN,4.0,275.0,22,2021
alpine,ALPINE,5.0,155.0,22,2021
alphatauri,RB,6.0,142.0,22,2021
aston_martin,ASTON MARTIN,7.0,77.0,22,2021
williams,WILLIAMS,8.0,23.0,22,2021
alfa,SAUBER,9.0,13.0,22,2021
haas,HAAS,10.0,0.0,22,2021
ferrari,FERRARI,1.0,44.0,1,2022
mercedes,MERCEDES,2.0,27.0,1,2022
haas,HAAS,3.0,10.0,1,2022
alfa,SAUBER,4.0,9.0,1,2022
alpine,ALPINE,5.0,8.0,1,2022
alphatauri,RB,6.0,4.0,1,2022
aston_martin,ASTON MARTIN,7.0,0.0,1,2022
williams,WILLIAMS,8.0,0.0,1,2022
mclaren,MCLAREN,9.0,0.0,1,2022
red_bull,RED BULL,10.0,0.0,1,2022
ferrari,FERRARI,1.0,78.0,2,2022
mercedes,MERCEDES,2.0,38.0,2,2022
red_bull,RED BULL,3.0,37.0,2,2022
alpine,ALPINE,4.0,16.0,2,2022
haas,HAAS,5.0,12.0,2,2022
alfa,SAUBER,6.0,9.0,2,2022
alphatauri,RB,7.0,8.0,2,2022
mclaren,MCLAREN,8.0,6.0,2,2022
aston_martin,ASTON MARTIN,9.0,0.0,2,2022
williams,WILLIAMS,10.0,0.0,2,2022
ferrari,FERRARI,1.0,104.0,3,2022
mercedes,MERCEDES,2.0,65.0,3,2022
red_bull,RED BULL,3.0,55.0,3,2022
mclaren,MCLAREN,4.0,24.0,3,2022
alpine,ALPINE,5.0,22.0,3,2022
alfa,SAUBER,6.0,13.0,3,2022
haas,HAAS,7.0,12.0,3,2022
alphatauri,RB,8.0,10.0,3,2022
williams,WILLIAMS,9.0,1.0,3,2022
aston_martin,ASTON MARTIN,10.0,0.0,3,2022
ferrari,FERRARI,1.0,124.0,4,2022
red_bull,RED BULL,2.0,113.0,4,2022
mercedes,MERCEDES,3.0,77.0,4,2022
mclaren,MCLAREN,4.0,46.0,4,2022
alfa,SAUBER,5.0,25.0,4,2022
alpine,ALPINE,6.0,22.0,4,2022
alphatauri,RB,7.0,16.0,4,2022
haas,HAAS,8.0,15.0,4,2022
aston_martin,ASTON MARTIN,9.0,5.0,4,2022
williams,WILLIAMS,10.0,1.0,4,2022
ferrari,FERRARI,1.0,157.0,5,2022
red_bull,RED BULL,2.0,151.0,5,2022
mercedes,MERCEDES,3.0,95.0,5,2022
mclaren,MCLAREN,4.0,46.0,5,2022
alfa,SAUBER,5.0,31.0,5,2022
alpine,ALPINE,6.0,26.0,5,2022
alphatauri,RB,7.0,16.0,5,2022
haas,HAAS,8.0,15.0,5,2022
aston_martin,ASTON MARTIN,9.0,6.0,5,2022
williams,WILLIAMS,10.0,3.0,5,2022
red_bull,RED BULL,1.0,195.0,6,2022
ferrari,FERRARI,2.0,169.0,6,2022
mercedes,MERCEDES,3.0,120.0,6,2022
mclaren,MCLAREN,4.0,50.0,6,2022
alfa,SAUBER,5.0,39.0,6,2022
alpine,ALPINE,6.0,34.0,6,2022
alphatauri,RB,7.0,17.0,6,2022
haas,HAAS,8.0,15.0,6,2022
aston_martin,ASTON MARTIN,9.0,6.0,6,2022
williams,WILLIAMS,10.0,3.0,6,2022
red_bull,RED BULL,1.0,235.0,7,2022
ferrari,FERRARI,2.0,199.0,7,2022
mercedes,MERCEDES,3.0,134.0,7,2022
mclaren,MCLAREN,4.0,59.0,7,2022
alfa,SAUBER,5.0,41.0,7,2022
alpine,ALPINE,6.0,40.0,7,2022
alphatauri,RB,7.0,17.0,7,2022
haas,HAAS,8.0,15.0,7,2022
aston_martin,ASTON MARTIN,9.0,7.0,7,2022
williams,WILLIAMS,10.0,3.0,7,2022
red_bull,RED BULL,1.0,279.0,8,2022
ferrari,FERRARI,2.0,199.0,8,2022
mercedes,MERCEDES,3.0,161.0,8,2022
mclaren,MCLAREN,4.0,65.0,8,2022
alpine,ALPINE,5.0,47.0,8,2022
alfa,SAUBER,6.0,41.0,8,2022
alphatauri,RB,7.0,27.0,8,2022
haas,HAAS,8.0,15.0,8,2022
aston_martin,ASTON MARTIN,9.0,15.0,8,2022
williams,WILLIAMS,10.0,3.0,8,2022
red_bull,RED BULL,1.0,304.0,9,2022
ferrari,FERRARI,2.0,228.0,9,2022
mercedes,MERCEDES,3.0,188.0,9,2022
mclaren,MCLAREN,4.0,65.0,9,2022
alpine,ALPINE,5.0,57.0,9,2022
alfa,SAUBER,6.0,51.0,9,2022
alphatauri,RB,7.0,27.0,9,2022
aston_martin,ASTON MARTIN,8.0,16.0,9,2022
haas,HAAS,9.0,15.0,9,2022
williams,WILLIAMS,10.0,3.0,9,2022
red_bull,RED BULL,1.0,328.0,10,2022
ferrari,FERRARI,2.0,265.0,10,2022
mercedes,MERCEDES,3.0,204.0,10,2022
mclaren,MCLAREN,4.0,73.0,10,2022
alpine,ALPINE,5.0,67.0,10,2022
alfa,SAUBER,6.0,51.0,10,2022
alphatauri,RB,7.0,27.0,10,2022
haas,HAAS,8.0,20.0,10,2022
aston_martin,ASTON MARTIN,9.0,18.0,10,2022
williams,WILLIAMS,10.0,3.0,10,2022
red_bull,RED BULL,1.0,359.0,11,2022
ferrari,FERRARI,2.0,303.0,11,2022
mercedes,MERCEDES,3.0,237.0,11,2022
mclaren,MCLAREN,4.0,81.0,11,2022
alpine,ALPINE,5.0,81.0,11,2022
alfa,SAUBER,6.0,51.0,11,2022
haas,HAAS,7.0,34.0,11,2022
alphatauri,RB,8.0,27.0,11,2022
aston_martin,ASTON MARTIN,9.0,18.0,11,2022
williams,WILLIAMS,10.0,3.0,11,2022
red_bull,RED BULL,1.0,396.0,12,2022
ferrari,FERRARI,2.0,314.0,12,2022
mercedes,MERCEDES,3.0,270.0,12,2022
alpine,ALPINE,4.0,93.0,12,2022
mclaren,MCLAREN,5.0,89.0,12,2022
alfa,SAUBER,6.0,51.0,12,2022
haas,HAAS,7.0,34.0,12,2022
alphatauri,RB,8.0,27.0,12,2022
aston_martin,ASTON MARTIN,9.0,19.0,12,2022
williams,WILLIAMS,10.0,3.0,12,2022
red_bull,RED BULL,1.0,431.0,13,2022
ferrari,FERRARI,2.0,334.0,13,2022
mercedes,MERCEDES,3.0,304.0,13,2022
alpine,ALPINE,4.0,99.0,13,2022
mclaren,MCLAREN,5.0,95.0,13,2022
alfa,SAUBER,6.0,51.0,13,2022
haas,HAAS,7.0,34.0,13,2022
alphatauri,RB,8.0,27.0,13,2022
aston_martin,ASTON MARTIN,9.0,20.0,13,2022
williams,WILLIAMS,10.0,3.0,13,2022
red_bull,RED BULL,1.0,475.0,14,2022
ferrari,FERRARI,2.0,357.0,14,2022
mercedes,MERCEDES,3.0,316.0,14,2022
alpine,ALPINE,4.0,115.0,14,2022
mclaren,MCLAREN,5.0,95.0,14,2022
alfa,SAUBER,6.0,51.0,14,2022
haas,HAAS,7.0,34.0,14,2022
alphatauri,RB,8.0,29.0,14,2022
aston_martin,ASTON MARTIN,9.0,24.0,14,2022
williams,WILLIAMS,10.0,4.0,14,2022
red_bull,RED BULL,1.0,511.0,15,2022
ferrari,FERRARI,2.0,376.0,15,2022
mercedes,MERCEDES,3.0,346.0,15,2022
alpine,ALPINE,4.0,125.0,15,2022
mclaren,MCLAREN,5.0,101.0,15,2022
alfa,SAUBER,6.0,51.0,15,2022
haas,HAAS,7.0,34.0,15,2022
alphatauri,RB,8.0,29.0,15,2022
aston_martin,ASTON MARTIN,9.0,25.0,15,2022
williams,WILLIAMS,10.0,4.0,15,2022
red_bull,RED BULL,1.0,545.0,16,2022
ferrari,FERRARI,2.0,406.0,16,2022
mercedes,MERCEDES,3.0,371.0,16,2022
alpine,ALPINE,4.0,125.0,16,2022
mclaren,MCLAREN,5.0,107.0,16,2022
alfa,SAUBER,6.0,52.0,16,2022
haas,HAAS,7.0,34.0,16,2022
alphatauri,RB,8.0,33.0,16,2022
aston_martin,ASTON MARTIN,9.0,25.0,16,2022
williams,WILLIAMS,10.0,6.0,16,2022
red_bull,RED BULL,1.0,576.0,17,2022
ferrari,FERRARI,2.0,439.0,17,2022
mercedes,MERCEDES,3.0,373.0,17,2022
mclaren,MCLAREN,4.0,129.0,17,2022
alpine,ALPINE,5.0,125.0,17,2022
alfa,SAUBER,6.0,52.0,17,2022
aston_martin,ASTON MARTIN,7.0,37.0,17,2022
haas,HAAS,8.0,34.0,17,2022
alphatauri,RB,9.0,34.0,17,2022
williams,WILLIAMS,10.0,6.0,17,2022
red_bull,RED BULL,1.0,619.0,18,2022
ferrari,FERRARI,2.0,454.0,18,2022
mercedes,MERCEDES,3.0,387.0,18,2022
alpine,ALPINE,4.0,143.0,18,2022
mclaren,MCLAREN,5.0,130.0,18,2022
alfa,SAUBER,6.0,52.0,18,2022
aston_martin,ASTON MARTIN,7.0,45.0,18,2022
haas,HAAS,8.0,34.0,18,2022
alphatauri,RB,9.0,34.0,18,2022
williams,WILLIAMS,10.0,8.0,18,2022
red_bull,RED BULL,1.0,656.0,19,2022
ferrari,FERRARI,2.0,469.0,19,2022
mercedes,MERCEDES,3.0,416.0,19,2022
alpine,ALPINE,4.0,149.0,19,2022
mclaren,MCLAREN,5.0,138.0,19,2022
alfa,SAUBER,6.0,52.0,19,2022
aston_martin,ASTON MARTIN,7.0,49.0,19,2022
haas,HAAS,8.0,36.0,19,2022
alphatauri,RB,9.0,35.0,19,2022
williams,WILLIAMS,10.0,8.0,19,2022
red_bull,RED BULL,1.0,696.0,20,2022
ferrari,FERRARI,2.0,487.0,20,2022
mercedes,MERCEDES,3.0,447.0,20,2022
alpine,ALPINE,4.0,153.0,20,2022
mclaren,MCLAREN,5.0,146.0,20,2022
alfa,SAUBER,6.0,53.0,20,2022
aston_martin,ASTON MARTIN,7.0,49.0,20,2022
haas,HAAS,8.0,36.0,20,2022
alphatauri,RB,9.0,35.0,20,2022
williams,WILLIAMS,10.0,8.0,20,2022
red_bull,RED BULL,1.0,719.0,21,2022
ferrari,FERRARI,2.0,524.0,21,2022
mercedes,MERCEDES,3.0,505.0,21,2022
alpine,ALPINE,4.0,167.0,21,2022
mclaren,MCLAREN,5.0,148.0,21,2022
alfa,SAUBER,6.0,55.0,21,2022
aston_martin,ASTON MARTIN,7.0,50.0,21,2022
haas,HAAS,8.0,37.0,21,2022
alphatauri,RB,9.0,35.0,21,2022
williams,WILLIAMS,10.0,8.0,21,2022
red_bull,RED BULL,1.0,759.0,22,2022
ferrari,FERRARI,2.0,554.0,22,2022
mercedes,MERCEDES,3.0,515.0,22,2022
alpine,ALPINE,4.0,173.0,22,2022
mclaren,MCLAREN,5.0,159.0,22,2022
alfa,SAUBER,6.0,55.0,22,2022
aston_martin,ASTON MARTIN,7.0,55.0,22,2022
haas,HAAS,8.0,37.0,22,2022
alphatauri,RB,9.0,35.0,22,2022
williams,WILLIAMS,10.0,8.0,22,2022
red_bull,RED BULL,1.0,43.0,1,2023
aston_martin,ASTON MARTIN,2.0,23.0,1,2023
mercedes,MERCEDES,3.0,16.0,1,2023
ferrari,FERRARI,4.0,12.0,1,2023
alfa,SAUBER,5.0,4.0,1,2023
alpine,ALPINE,6.0,2.0,1,2023
williams,WILLIAMS,7.0,1.0,1,2023
alphatauri,RB,8.0,0.0,1,2023
haas,HAAS,9.0,0.0,1,2023
mclaren,MCLAREN,10.0,0.0,1,2023
red_bull,RED BULL,1.0,87.0,2,2023
aston_martin,ASTON MARTIN,2.0,38.0,2,2023
mercedes,MERCEDES,3.0,38.0,2,2023
ferrari,FERRARI,4.0,26.0,2,2023
alpine,ALPINE,5.0,8.0,2,2023
alfa,SAUBER,6.0,4.0,2,2023
haas,HAAS,7.0,1.0,2,2023
williams,WILLIAMS,8.0,1.0,2,2023
alphatauri,RB,9.0,0.0,2,2023
mclaren,MCLAREN,10.0,0.0,2,2023
red_bull,RED BULL,1.0,123.0,3,2023
aston_martin,ASTON MARTIN,2.0,65.0,3,2023
mercedes,MERCEDES,3.0,56.0,3,2023
ferrari,FERRARI,4.0,26.0,3,2023
mclaren,MCLAREN,5.0,12.0,3,2023
alpine,ALPINE,6.0,8.0,3,2023
haas,HAAS,7.0,7.0,3,2023
alfa,SAUBER,8.0,6.0,3,2023
alphatauri,RB,9.0,1.0,3,2023
williams,WILLIAMS,10.0,1.0,3,2023
red_bull,RED BULL,1.0,180.0,4,2023
aston_martin,ASTON MARTIN,2.0,87.0,4,2023
mercedes,MERCEDES,3.0,76.0,4,2023
ferrari,FERRARI,4.0,62.0,4,2023
mclaren,MCLAREN,5.0,14.0,4,2023
alpine,ALPINE,6.0,8.0,4,2023
haas,HAAS,7.0,7.0,4,2023
alfa,SAUBER,8.0,6.0,4,2023
alphatauri,RB,9.0,2.0,4,2023
williams,WILLIAMS,10.0,1.0,4,2023
red_bull,RED BULL,1.0,224.0,5,2023
aston_martin,ASTON MARTIN,2.0,102.0,5,2023
mercedes,MERCEDES,3.0,96.0,5,2023
ferrari,FERRARI,4.0,78.0,5,2023
mclaren,MCLAREN,5.0,14.0,5,2023
alpine,ALPINE,6.0,14.0,5,2023
haas,HAAS,7.0,8.0,5,2023
alfa,SAUBER,8.0,6.0,5,2023
alphatauri,RB,9.0,2.0,5,2023
williams,WILLIAMS,10.0,1.0,5,2023
red_bull,RED BULL,1.0,249.0,6,2023
aston_martin,ASTON MARTIN,2.0,120.0,6,2023
mercedes,MERCEDES,3.0,119.0,6,2023
ferrari,FERRARI,4.0,90.0,6,2023
alpine,ALPINE,5.0,35.0,6,2023
mclaren,MCLAREN,6.0,17.0,6,2023
haas,HAAS,7.0,8.0,6,2023
alfa,SAUBER,8.0,6.0,6,2023
alphatauri,RB,9.0,2.0,6,2023
williams,WILLIAMS,10.0,1.0,6,2023
red_bull,RED BULL,1.0,287.0,7,2023
mercedes,MERCEDES,2.0,152.0,7,2023
aston_martin,ASTON MARTIN,3.0,134.0,7,2023
ferrari,FERRARI,4.0,100.0,7,2023
alpine,ALPINE,5.0,40.0,7,2023
mclaren,MCLAREN,6.0,17.0,7,2023
haas,HAAS,7.0,8.0,7,2023
alfa,SAUBER,8.0,8.0,7,2023
alphatauri,RB,9.0,2.0,7,2023
williams,WILLIAMS,10.0,1.0,7,2023
red_bull,RED BULL,1.0,321.0,8,2023
mercedes,MERCEDES,2.0,167.0,8,2023
aston_martin,ASTON MARTIN,3.0,154.0,8,2023
ferrari,FERRARI,4.0,122.0,8,2023
alpine,ALPINE,5.0,44.0,8,2023
mclaren,MCLAREN,6.0,17.0,8,2023
alfa,SAUBER,7.0,9.0,8,2023
haas,HAAS,8.0,8.0,8,2023
williams,WILLIAMS,9.0,7.0,8,2023
alphatauri,RB,10.0,2.0,8,2023
red_bull,RED BULL,1.0,377.0,9,2023
mercedes,MERCEDES,2.0,178.0,9,2023
aston_martin,ASTON MARTIN,3.0,175.0,9,2023
ferrari,FERRARI,4.0,154.0,9,2023
alpine,ALPINE,5.0,47.0,9,2023
mclaren,MCLAREN,6.0,29.0,9,2023
haas,HAAS,7.0,11.0,9,2023
alfa,SAUBER,8.0,9.0,9,2023
williams,WILLIAMS,9.0,7.0,9,2023
alphatauri,RB,10.0,2.0,9,2023
red_bull,RED BULL,1.0,411.0,10,2023
mercedes,MERCEDES,2.0,203.0,10,2023
aston_martin,ASTON MARTIN,3.0,181.0,10,2023
ferrari,FERRARI,4.0,157.0,10,2023
mclaren,MCLAREN,5.0,59.0,10,2023
alpine,ALPINE,6.0,47.0,10,2023
williams,WILLIAMS,7.0,11.0,10,2023
haas,HAAS,8.0,11.0,10,2023
alfa,SAUBER,9.0,9.0,10,2023
alphatauri,RB,10.0,2.0,10,2023
red_bull,RED BULL,1.0,452.0,11,2023
mercedes,MERCEDES,2.0,223.0,11,2023
aston_martin,ASTON MARTIN,3.0,184.0,11,2023
ferrari,FERRARI,4.0,167.0,11,2023
mclaren,MCLAREN,5.0,87.0,11,2023
alpine,ALPINE,6.0,47.0,11,2023
williams,WILLIAMS,7.0,11.0,11,2023
haas,HAAS,8.0,11.0,11,2023
alfa,SAUBER,9.0,9.0,11,2023
alphatauri,RB,10.0,2.0,11,2023
red_bull,RED BULL,1.0,503.0,12,2023
mercedes,MERCEDES,2.0,247.0,12,2023
aston_martin,ASTON MARTIN,3.0,196.0,12,2023
ferrari,FERRARI,4.0,191.0,12,2023
mclaren,MCLAREN,5.0,103.0,12,2023
alpine,ALPINE,6.0,57.0,12,2023
williams,WILLIAMS,7.0,11.0,12,2023
haas,HAAS,8.0,11.0,12,2023
alfa,SAUBER,9.0,9.0,12,2023
alphatauri,RB,10.0,3.0,12,2023
red_bull,RED BULL,1.0,540.0,13,2023
mercedes,MERCEDES,2.0,255.0,13,2023
aston_martin,ASTON MARTIN,3.0,215.0,13,2023
ferrari,FERRARI,4.0,201.0,13,2023
mclaren,MCLAREN,5.0,111.0,13,2023
alpine,ALPINE,6.0,73.0,13,2023
williams,WILLIAMS,7.0,15.0,13,2023
haas,HAAS,8.0,11.0,13,2023
alfa,SAUBER,9.0,9.0,13,2023
alphatauri,RB,10.0,3.0,13,2023
red_bull,RED BULL,1.0,583.0,14,2023
mercedes,MERCEDES,2.0,273.0,14,2023
ferrari,FERRARI,3.0,228.0,14,2023
aston_martin,ASTON MARTIN,4.0,217.0,14,2023
mclaren,MCLAREN,5.0,115.0,14,2023
alpine,ALPINE,6.0,73.0,14,2023
williams,WILLIAMS,7.0,21.0,14,2023
haas,HAAS,8.0,11.0,14,2023
alfa,SAUBER,9.0,10.0,14,2023
alphatauri,RB,10.0,3.0,14,2023
red_bull,RED BULL,1.0,597.0,15,2023
mercedes,MERCEDES,2.0,289.0,15,2023
ferrari,FERRARI,3.0,265.0,15,2023
aston_martin,ASTON MARTIN,4.0,217.0,15,2023
mclaren,MCLAREN,5.0,139.0,15,2023
alpine,ALPINE,6.0,81.0,15,2023
williams,WILLIAMS,7.0,21.0,15,2023
haas,HAAS,8.0,12.0,15,2023
alfa,SAUBER,9.0,10.0,15,2023
alphatauri,RB,10.0,5.0,15,2023
red_bull,RED BULL,1.0,623.0,16,2023
mercedes,MERCEDES,2.0,305.0,16,2023
ferrari,FERRARI,3.0,285.0,16,2023
aston_martin,ASTON MARTIN,4.0,221.0,16,2023
mclaren,MCLAREN,5.0,172.0,16,2023
alpine,ALPINE,6.0,84.0,16,2023
williams,WILLIAMS,7.0,21.0,16,2023
haas,HAAS,8.0,12.0,16,2023
alfa,SAUBER,9.0,10.0,16,2023
alphatauri,RB,10.0,5.0,16,2023
red_bull,RED BULL,1.0,657.0,17,2023
mercedes,MERCEDES,2.0,326.0,17,2023
ferrari,FERRARI,3.0,298.0,17,2023
aston_martin,ASTON MARTIN,4.0,230.0,17,2023
mclaren,MCLAREN,5.0,219.0,17,2023
alpine,ALPINE,6.0,90.0,17,2023
williams,WILLIAMS,7.0,23.0,17,2023
alfa,SAUBER,8.0,16.0,17,2023
haas,HAAS,9.0,12.0,17,2023
alphatauri,RB,10.0,5.0,17,2023
red_bull,RED BULL,1.0,706.0,18,2023
mercedes,MERCEDES,2.0,344.0,18,2023
ferrari,FERRARI,3.0,322.0,18,2023
mclaren,MCLAREN,4.0,242.0,18,2023
aston_martin,ASTON MARTIN,5.0,236.0,18,2023
alpine,ALPINE,6.0,100.0,18,2023
williams,WILLIAMS,7.0,26.0,18,2023
alfa,SAUBER,8.0,16.0,18,2023
haas,HAAS,9.0,12.0,18,2023
alphatauri,RB,10.0,10.0,18,2023
red_bull,RED BULL,1.0,731.0,19,2023
mercedes,MERCEDES,2.0,371.0,19,2023
ferrari,FERRARI,3.0,349.0,19,2023
mclaren,MCLAREN,4.0,256.0,19,2023
aston_martin,ASTON MARTIN,5.0,236.0,19,2023
alpine,ALPINE,6.0,101.0,19,2023
williams,WILLIAMS,7.0,28.0,19,2023
alphatauri,RB,8.0,16.0,19,2023
alfa,SAUBER,9.0,16.0,19,2023
haas,HAAS,10.0,12.0,19,2023
red_bull,RED BULL,1.0,782.0,20,2023
mercedes,MERCEDES,2.0,382.0,20,2023
ferrari,FERRARI,3.0,362.0,20,2023
mclaren,MCLAREN,4.0,282.0,20,2023
aston_martin,ASTON MARTIN,5.0,261.0,20,2023
alpine,ALPINE,6.0,108.0,20,2023
williams,WILLIAMS,7.0,28.0,20,2023
alphatauri,RB,8.0,21.0,20,2023
alfa,SAUBER,9.0,16.0,20,2023
haas,HAAS,10.0,12.0,20,2023
red_bull,RED BULL,1.0,822.0,21,2023
mercedes,MERCEDES,2.0,392.0,21,2023
ferrari,FERRARI,3.0,388.0,21,2023
mclaren,MCLAREN,4.0,284.0,21,2023
aston_martin,ASTON MARTIN,5.0,273.0,21,2023
alpine,ALPINE,6.0,120.0,21,2023
williams,WILLIAMS,7.0,28.0,21,2023
alphatauri,RB,8.0,21.0,21,2023
alfa,SAUBER,9.0,16.0,21,2023
haas,HAAS,10.0,12.0,21,2023
red_bull,RED BULL,1.0,860.0,22,2023
mercedes,MERCEDES,2.0,409.0,22,2023
ferrari,FERRARI,3.0,406.0,22,2023
mclaren,MCLAREN,4.0,302.0,22,2023
aston_martin,ASTON MARTIN,5.0,280.0,22,2023
alpine,ALPINE,6.0,120.0,22,2023
williams,WILLIAMS,7.0,28.0,22,2023
alphatauri,RB,8.0,25.0,22,2023
alfa,SAUBER,9.0,16.0,22,2023
haas,HAAS,10.0,12.0,22,2023
red_bull,RED BULL,1.0,44.0,1,2024
ferrari,FERRARI,2.0,27.0,1,2024
mercedes,MERCEDES,3.0,16.0,1,2024
mclaren,MCLAREN,4.0,12.0,1,2024
aston_martin,ASTON MARTIN,5.0,3.0,1,2024
sauber,SAUBER,6.0,0.0,1,2024
haas,HAAS,7.0,0.0,1,2024
rb,RB,8.0,0.0,1,2024
williams,WILLIAMS,9.0,0.0,1,2024
alpine,ALPINE,10.0,0.0,1,2024
red_bull,RED BULL,1.0,87.0,2,2024
ferrari,FERRARI,2.0,49.0,2,2024
mclaren,MCLAREN,3.0,28.0,2,2024
mercedes,MERCEDES,4.0,26.0,2,2024
aston_martin,ASTON MARTIN,5.0,13.0,2,2024
haas,HAAS,6.0,1.0,2,2024
williams,WILLIAMS,7.0,0.0,2,2024
sauber,SAUBER,8.0,0.0,2,2024
rb,RB,9.0,0.0,2,2024
alpine,ALPINE,10.0,0.0,2,2024
red_bull,RED BULL,1.0,97.0,3,2024
ferrari,FERRARI,2.0,93.0,3,2024
mclaren,MCLAREN,3.0,55.0,3,2024
mercedes,MERCEDES,4.0,26.0,3,2024
aston_martin,ASTON MARTIN,5.0,25.0,3,2024
rb,RB,6.0,6.0,3,2024
haas,HAAS,7.0,4.0,3,2024
williams,WILLIAMS,8.0,0.0,3,2024
sauber,SAUBER,9.0,0.0,3,2024
alpine,ALPINE,10.0,0.0,3,2024
red_bull,RED BULL,1.0,141.0,4,2024
ferrari,FERRARI,2.0,120.0,4,2024
mclaren,MCLAREN,3.0,69.0,4,2024
mercedes,MERCEDES,4.0,34.0,4,2024
aston_martin,ASTON MARTIN,5.0,33.0,4,2024
rb,RB,6.0,7.0,4,2024
haas,HAAS,7.0,4.0,4,2024
williams,WILLIAMS,8.0,0.0,4,2024
sauber,SAUBER,9.0,0.0,4,2024
alpine,ALPINE,10.0,0.0,4,2024
red_bull,RED BULL,1.0,195.0,5,2024
ferrari,FERRARI,2.0,151.0,5,2024
mclaren,MCLAREN,3.0,96.0,5,2024
mercedes,MERCEDES,4.0,52.0,5,2024
aston_martin,ASTON MARTIN,5.0,40.0,5,2024
rb,RB,6.0,7.0,5,2024
haas,HAAS,7.0,5.0,5,2024
williams,WILLIAMS,8.0,0.0,5,2024
alpine,ALPINE,9.0,0.0,5,2024
sauber,SAUBER,10.0,0.0,5,2024
red_bull,RED BULL,1.0,239.0,6,2024
ferrari,FERRARI,2.0,187.0,6,2024
mclaren,MCLAREN,3.0,124.0,6,2024
mercedes,MERCEDES,4.0,64.0,6,2024
aston_martin,ASTON MARTIN,5.0,42.0,6,2024
rb,RB,6.0,19.0,6,2024
haas,HAAS,7.0,7.0,6,2024
alpine,ALPINE,8.0,1.0,6,2024
williams,WILLIAMS,9.0,0.0,6,2024
sauber,SAUBER,10.0,0.0,6,2024
red_bull,RED BULL,1.0,268.0,7,2024
ferrari,FERRARI,2.0,212.0,7,2024
mclaren,MCLAREN,3.0,154.0,7,2024
mercedes,MERCEDES,4.0,79.0,7,2024
aston_martin,ASTON MARTIN,5.0,44.0,7,2024
rb,RB,6.0,20.0,7,2024
haas,HAAS,7.0,7.0,7,2024
alpine,ALPINE,8.0,1.0,7,2024
williams,WILLIAMS,9.0,0.0,7,2024
sauber,SAUBER,10.0,0.0,7,2024
red_bull,RED BULL,1.0,276.0,8,2024
ferrari,FERRARI,2.0,252.0,8,2024
mclaren,MCLAREN,3.0,184.0,8,2024
mercedes,MERCEDES,4.0,96.0,8,2024
aston_martin,ASTON MARTIN,5.0,44.0,8,2024
rb,RB,6.0,24.0,8,2024
haas,HAAS,7.0,7.0,8,2024
williams,WILLIAMS,8.0,2.0,8,2024
alpine,ALPINE,9.0,2.0,8,2024
sauber,SAUBER,10.0,0.0,8,2024
red_bull,RED BULL,1.0,301.0,9,2024
ferrari,FERRARI,2.0,252.0,9,2024
mclaren,MCLAREN,3.0,212.0,9,2024
mercedes,MERCEDES,4.0,124.0,9,2024
aston_martin,ASTON MARTIN,5.0,58.0,9,2024
rb,RB,6.0,28.0,9,2024
haas,HAAS,7.0,7.0,9,2024
alpine,ALPINE,8.0,5.0,9,2024
williams,WILLIAMS,9.0,2.0,9,2024
sauber,SAUBER,10.0,0.0,9,2024
red_bull,RED BULL,1.0,330.0,10,2024
ferrari,FERRARI,2.0,270.0,10,2024
mclaren,MCLAREN,3.0,237.0,10,2024
mercedes,MERCEDES,4.0,151.0,10,2024
aston_martin,ASTON MARTIN,5.0,58.0,10,2024
rb,RB,6.0,28.0,10,2024
alpine,ALPINE,7.0,8.0,10,2024
haas,HAAS,8.0,7.0,10,2024
williams,WILLIAMS,9.0,2.0,10,2024
sauber,SAUBER,10.0,0.0,10,2024
red_bull,RED BULL,1.0,355.0,11,2024
ferrari,FERRARI,2.0,291.0,11,2024
mclaren,MCLAREN,3.0,268.0,11,2024
mercedes,MERCEDES,4.0,196.0,11,2024
aston_martin,ASTON MARTIN,5.0,58.0,11,2024
rb,RB,6.0,30.0,11,2024
haas,HAAS,7.0,19.0,11,2024
alpine,ALPINE,8.0,9.0,11,2024
williams,WILLIAMS,9.0,2.0,11,2024
sauber,SAUBER,10.0,0.0,11,2024
red_bull,RED BULL,1.0,373.0,12,2024
ferrari,FERRARI,2.0,302.0,12,2024
mclaren,MCLAREN,3.0,295.0,12,2024
mercedes,MERCEDES,4.0,221.0,12,2024
aston_martin,ASTON MARTIN,5.0,68.0,12,2024
rb,RB,6.0,31.0,12,2024
haas,HAAS,7.0,27.0,12,2024
alpine,ALPINE,8.0,9.0,12,2024
williams,WILLIAMS,9.0,4.0,12,2024
sauber,SAUBER,10.0,0.0,12,2024
red_bull,RED BULL,1.0,389.0,13,2024
mclaren,MCLAREN,2.0,338.0,13,2024
ferrari,FERRARI,3.0,322.0,13,2024
mercedes,MERCEDES,4.0,241.0,13,2024
aston_martin,ASTON MARTIN,5.0,69.0,13,2024
rb,RB,6.0,33.0,13,2024
haas,HAAS,7.0,27.0,13,2024
alpine,ALPINE,8.0,9.0,13,2024
williams,WILLIAMS,9.0,4.0,13,2024
sauber,SAUBER,10.0,0.0,13,2024
red_bull,RED BULL,1.0,408.0,14,2024
mclaren,MCLAREN,2.0,366.0,14,2024
ferrari,FERRARI,3.0,345.0,14,2024
mercedes,MERCEDES,4.0,266.0,14,2024
aston_martin,ASTON MARTIN,5.0,73.0,14,2024
rb,RB,6.0,34.0,14,2024
haas,HAAS,7.0,27.0,14,2024
alpine,ALPINE,8.0,11.0,14,2024
williams,WILLIAMS,9.0,4.0,14,2024
sauber,SAUBER,10.0,0.0,14,2024
red_bull,RED BULL,1.0,434.0,15,2024
mclaren,MCLAREN,2.0,404.0,15,2024
ferrari,FERRARI,3.0,370.0,15,2024
mercedes,MERCEDES,4.0,276.0,15,2024
aston_martin,ASTON MARTIN,5.0,74.0,15,2024
rb,RB,6.0,34.0,15,2024
haas,HAAS,7.0,27.0,15,2024
alpine,ALPINE,8.0,13.0,15,2024
williams,WILLIAMS,9.0,4.0,15,2024
sauber,SAUBER,10.0,0.0,15,2024
red_bull,RED BULL,1.0,446.0,16,2024
mclaren,MCLAREN,2.0,438.0,16,2024
ferrari,FERRARI,3.0,407.0,16,2024
mercedes,MERCEDES,4.0,292.0,16,2024
aston_martin,ASTON MARTIN,5.0,74.0,16,2024
rb,RB,6.0,34.0,16,2024
haas,HAAS,7.0,28.0,16,2024
alpine,ALPINE,8.0,13.0,16,2024
williams,WILLIAMS,9.0,6.0,16,2024
sauber,SAUBER,10.0,0.0,16,2024
mclaren,MCLAREN,1.0,476.0,17,2024
red_bull,RED BULL,2.0,456.0,17,2024
ferrari,FERRARI,3.0,425.0,17,2024
mercedes,MERCEDES,4.0,309.0,17,2024
aston_martin,ASTON MARTIN,5.0,82.0,17,2024
rb,RB,6.0,34.0,17,2024
haas,HAAS,7.0,29.0,17,2024
williams,WILLIAMS,8.0,16.0,17,2024
alpine,ALPINE,9.0,13.0,17,2024
sauber,SAUBER,10.0,0.0,17,2024
mclaren,MCLAREN,1.0,516.0,18,2024
red_bull,RED BULL,2.0,475.0,18,2024
ferrari,FERRARI,3.0,441.0,18,2024
mercedes,MERCEDES,4.0,329.0,18,2024
aston_martin,ASTON MARTIN,5.0,86.0,18,2024
rb,RB,6.0,34.0,18,2024
haas,HAAS,7.0,31.0,18,2024
williams,WILLIAMS,8.0,16.0,18,2024
alpine,ALPINE,9.0,13.0,18,2024
sauber,SAUBER,10.0,0.0,18,2024
mclaren,MCLAREN,1.0,544.0,19,2024
red_bull,RED BULL,2.0,504.0,19,2024
ferrari,FERRARI,3.0,496.0,19,2024
mercedes,MERCEDES,4.0,344.0,19,2024
aston_martin,ASTON MARTIN,5.0,86.0,19,2024
haas,HAAS,6.0,38.0,19,2024
rb,RB,7.0,36.0,19,2024
williams,WILLIAMS,8.0,17.0,19,2024
alpine,ALPINE,9.0,13.0,19,2024
sauber,SAUBER,10.0,0.0,19,2024
mclaren,MCLAREN,1.0,566.0,20,2024
ferrari,FERRARI,2.0,537.0,20,2024
red_bull,RED BULL,3.0,512.0,20,2024
mercedes,MERCEDES,4.0,366.0,20,2024
aston_martin,ASTON MARTIN,5.0,86.0,20,2024
haas,HAAS,6.0,46.0,20,2024
rb,RB,7.0,36.0,20,2024
williams,WILLIAMS,8.0,17.0,20,2024
alpine,ALPINE,9.0,14.0,20,2024
sauber,SAUBER,10.0,0.0,20,2024
mclaren,MCLAREN,1.0,593.0,21,2024
ferrari,FERRARI,2.0,557.0,21,2024
red_bull,RED BULL,3.0,544.0,21,2024
mercedes,MERCEDES,4.0,382.0,21,2024
aston_martin,ASTON MARTIN,5.0,86.0,21,2024
alpine,ALPINE,6.0,49.0,21,2024
haas,HAAS,7.0,46.0,21,2024
rb,RB,8.0,44.0,21,2024
williams,WILLIAMS,9.0,17.0,21,2024
sauber,SAUBER,10.0,0.0,21,2024
mclaren,MCLAREN,1.0,608.0,22,2024
ferrari,FERRARI,2.0,584.0,22,2024
red_bull,RED BULL,3.0,555.0,22,2024
mercedes,MERCEDES,4.0,425.0,22,2024
aston_martin,ASTON MARTIN,5.0,86.0,22,2024
haas,HAAS,6.0,50.0,22,2024
alpine,ALPINE,7.0,49.0,22,2024
rb,RB,8.0,46.0,22,2024
williams,WILLIAMS,9.0,17.0,22,2024
sauber,SAUBER,10.0,0.0,22,2024
mclaren,MCLAREN,1.0,640.0,23,2024
ferrari,FERRARI,2.0,619.0,23,2024
red_bull,RED BULL,3.0,581.0,23,2024
mercedes,MERCEDES,4.0,446.0,23,2024
aston_martin,ASTON MARTIN,5.0,92.0,23,2024
alpine,ALPINE,6.0,59.0,23,2024
haas,HAAS,7.0,54.0,23,2024
rb,RB,8.0,46.0,23,2024
williams,WILLIAMS,9.0,17.0,23,2024
sauber,SAUBER,10.0,4.0,23,2024
mclaren,MCLAREN,1.0,666.0,24,2024
ferrari,FERRARI,2.0,652.0,24,2024
red_bull,RED BULL,3.0,589.0,24,2024
mercedes,MERCEDES,4.0,468.0,24,2024
aston_martin,ASTON MARTIN,5.0,94.0,24,2024
alpine,ALPINE,6.0,65.0,24,2024
haas,HAAS,7.0,58.0,24,2024
rb,RB,8.0,46.0,24,2024
williams,WILLIAMS,9.0,17.0,24,2024
sauber,SAUBER,10.0,4.0,24,2024
